{
  "id": "19be95fc-1c05-4b63-a1cd-f22abd1a8602",
  "prevId": "00000000-0000-0000-0000-000000000000",
  "version": "7",
  "dialect": "postgresql",
  "tables": {
    "public.cli-users": {
      "name": "cli-users",
      "schema": "",
      "columns": {
        "id": {
          "name": "id",
          "type": "uuid",
          "primaryKey": true,
          "notNull": true,
          "default": "gen_random_uuid()"
        },
        "username": {
          "name": "username",
          "type": "varchar",
          "primaryKey": false,
          "notNull": true
        },
        "email": {
          "name": "email",
          "type": "varchar",
          "primaryKey": false,
          "notNull": true
        },
        "password": {
          "name": "password",
          "type": "varchar",
          "primaryKey": false,
          "notNull": true
        }
      },
      "indexes": {},
      "foreignKeys": {},
      "compositePrimaryKeys": {},
      "uniqueConstraints": {
        "cli-users_username_unique": {
          "name": "cli-users_username_unique",
          "nullsNotDistinct": false,
          "columns": [
            "username"
          ]
        }
      },
      "policies": {},
      "checkConstraints": {},
      "isRLSEnabled": false
    },
    "public.cli-workspaces": {
      "name": "cli-workspaces",
      "schema": "",
      "columns": {
        "id": {
          "name": "id",
          "type": "uuid",
          "primaryKey": true,
          "notNull": true,
          "default": "gen_random_uuid()"
        },
        "name": {
          "name": "name",
          "type": "varchar",
          "primaryKey": false,
          "notNull": true
        },
        "owner": {
          "name": "owner",
          "type": "varchar",
          "primaryKey": false,
          "notNull": true
        },
        "zip_id": {
          "name": "zip_id",
          "type": "varchar",
          "primaryKey": false,
          "notNull": true
        },
        "visibility_public": {
          "name": "visibility_public",
          "type": "boolean",
          "primaryKey": false,
          "notNull": false
        }
      },
      "indexes": {},
      "foreignKeys": {
        "cli-workspaces_owner_cli-users_username_fk": {
          "name": "cli-workspaces_owner_cli-users_username_fk",
          "tableFrom": "cli-workspaces",
          "tableTo": "cli-users",
          "columnsFrom": [
            "owner"
          ],
          "columnsTo": [
            "username"
          ],
          "onDelete": "no action",
          "onUpdate": "no action"
        }
      },
      "compositePrimaryKeys": {},
      "uniqueConstraints": {
        "cli-workspaces_name_owner_unique": {
          "name": "cli-workspaces_name_owner_unique",
          "nullsNotDistinct": false,
          "columns": [
            "name",
            "owner"
          ]
        }
      },
      "policies": {},
      "checkConstraints": {},
      "isRLSEnabled": false
    }
  },
  "enums": {},
  "schemas": {},
  "sequences": {},
  "roles": {},
  "policies": {},
  "views": {},
  "_meta": {
    "columns": {},
    "schemas": {},
    "tables": {}
  }
}